uid,tid
332,1
916,1
21,1
185,1
540,1
545,2
617,2
666,2
954,2
413,2
834,3
645,3
822,3
873,4
554,4
619,4
398,4
366,4
632,5
814,5
67,6
397,6
628,6
921,6
31,6
769,7
142,7
465,7
82,7
402,7
85,7
919,7
921,7
730,7
953,7
961,8
324,8
262,8
10,8
395,8
206,8
799,8
599,8
319,8
984,9
657,9
555,9
67,10
261,10
654,10
816,10
913,10
243,10
180,10
97,11
324,11
908,11
977,11
573,11
68,12
165,12
391,12
432,12
855,12
377,12
643,13
421,13
902,13
523,13
496,13
444,13
350,13
905,14
254,14
611,15
389,15
562,15
120,15
665,15
378,15
924,15
807,16
936,16
871,16
596,16
597,16
977,17
18,17
332,17
297,17
64,18
166,18
334,18
302,18
914,18
179,18
500,18
631,18
761,18
955,19
439,20
101,20
551,20
169,20
306,20
279,20
776,21
979,21
692,21
999,21
774,22
873,22
494,22
83,22
339,22
189,22
350,22
894,23
655,23
234,24
52,24
764,24
742,24
258,25
456,25
808,25
332,25
240,25
241,25
123,25
385,26
647,26
139,26
142,26
883,26
787,26
342,26
889,26
4,27
549,27
421,27
750,27
591,27
115,27
213,27
597,27
859,27
60,27
35,28
615,28
842,28
845,28
686,28
400,28
113,28
787,28
247,28
792,28
875,29
619,29
785,29
18,29
247,29
248,29
826,29
892,29
127,29
354,30
451,30
42,30
205,30
591,30
312,30
957,30
961,31
610,31
45,31
557,31
397,31
752,31
882,31
18,31
793,31
953,31
418,32
34,32
806,32
44,32
631,32
2,33
995,33
900,33
293,33
40,33
437,33
443,34
224,35
548,35
650,35
271,35
370,35
127,35
30,35
991,35
809,36
274,36
948,36
32,37
900,37
710,37
393,37
234,37
522,37
624,37
658,37
120,37
315,37
4,38
809,38
236,38
175,38
594,38
948,38
437,38
574,38
801,39
102,39
807,39
522,39
619,39
779,39
909,39
245,39
248,39
251,39
388,40
869,40
102,40
71,40
232,40
293,40
925,40
655,40
278,40
733,40
128,41
449,41
163,41
597,41
664,41
958,41
692,42
101,42
175,43
962,43
453,43
415,43
673,44
515,44
516,44
743,44
912,44
662,44
666,44
607,44
428,45
276,45
130,46
707,46
805,46
645,46
69,46
272,46
721,46
342,46
602,46
923,46
965,47
172,47
691,47
887,47
604,47
288,48
425,48
972,48
377,48
780,49
590,49
728,49
90,49
188,49
216,49
79,50
595,50
211,50
603,50
446,50
765,51
1,52
68,52
293,52
837,52
584,52
146,52
695,52
223,52
60,53
366,54
379,54
165,54
454,54
259,55
685,55
353,56
676,56
440,56
711,56
727,56
108,56
528,56
407,56
856,56
420,57
205,57
846,57
435,57
662,57
731,57
29,57
337,58
932,58
301,58
322,59
3,59
2,59
101,59
265,59
618,59
683,59
208,59
537,59
163,60
550,60
555,60
78,60
853,60
161,61
425,61
843,61
112,61
464,61
274,61
657,61
916,61
533,61
372,61
994,62
903,62
808,62
944,62
657,62
500,62
68,63
739,64
230,64
940,64
269,64
661,64
406,64
157,64
897,65
869,65
910,65
559,65
785,65
348,65
297,66
810,66
655,66
497,66
179,66
148,66
987,66
734,66
366,67
177,67
853,67
984,67
859,67
64,68
27,68
310,68
235,69
556,69
207,69
947,69
213,69
406,69
599,69
189,69
223,69
422,70
938,70
715,70
205,70
916,70
492,71
357,71
118,71
127,71
360,72
27,72
653,72
573,73
437,73
782,73
191,73
449,74
457,74
779,74
943,74
284,74
708,75
880,75
659,75
915,75
789,75
318,75
447,75
292,76
999,76
454,77
72,77
522,77
875,77
462,77
142,77
919,77
411,77
478,77
357,78
517,78
688,78
48,78
251,78
19,79
571,79
867,79
473,79
595,80
35,80
720,81
777,81
859,82
643,82
656,82
919,82
498,82
724,82
151,82
59,82
956,82
927,82
356,83
969,83
746,83
496,83
177,83
51,83
469,83
155,83
894,83
895,83
392,84
561,85
437,85
259,86
933,86
901,86
135,86
201,86
463,86
471,86
24,86
966,87
809,87
267,87
987,87
861,87
447,87
320,88
8,89
465,89
627,89
651,89
171,90
324,90
413,90
920,91
430,91
823,91
552,92
710,92
488,93
809,93
546,93
356,93
480,94
417,94
706,94
292,94
105,94
425,94
140,94
662,94
279,94
861,94
903,95
424,95
616,95
301,95
309,95
674,96
336,96
212,96
566,96
344,96
633,96
35,97
207,97
527,97
796,97
479,97
917,98
256,99
195,99
37,99
295,99
843,99
652,99
13,99
469,99
695,99
954,100
177,100
82,100
93,100
449,101
453,101
649,101
236,101
723,101
797,101
871,102
872,102
299,102
51,102
312,102
158,102
743,103
499,103
405,103
378,103
924,103
890,103
101,104
678,104
967,104
652,104
942,104
72,105
961,105
379,105
289,105
992,106
580,106
39,106
327,106
982,106
503,106
56,106
155,106
678,107
933,108
456,108
307,108
694,108
764,108
552,109
845,109
402,109
253,109
702,109
385,110
744,110
555,110
12,110
813,110
811,110
81,110
188,110
573,110
445,110
558,111
989,111
54,111
381,112
591,112
65,113
85,113
806,113
445,113
912,114
426,114
37,114
650,114
537,115
439,115
584,116
913,116
316,116
910,116
340,117
325,117
102,117
535,117
936,118
627,118
915,118
636,118
604,118
452,119
982,119
671,119
896,120
6,120
970,120
206,120
590,120
687,120
304,120
627,120
120,120
316,120
404,121
98,122
970,122
376,122
26,122
796,122
735,122
929,123
15,123
595,123
788,123
181,123
984,123
728,123
255,123
802,124
740,124
136,124
104,124
906,124
682,124
534,124
250,124
1,125
323,125
137,125
9,125
887,125
440,125
315,125
33,126
326,126
588,126
438,126
315,126
29,126
257,127
677,127
805,127
973,127
878,127
981,127
694,127
863,127
510,127
191,127
192,128
704,128
231,128
73,128
425,128
139,128
396,128
699,128
604,129
838,129
111,129
130,130
518,130
295,130
11,130
973,130
689,130
631,130
792,130
825,130
100,131
903,131
968,131
106,131
781,131
942,131
688,131
52,131
699,131
656,132
201,132
668,133
137,134
633,134
405,134
888,134
153,134
606,134
866,135
3,135
4,135
518,135
523,135
658,135
786,135
885,135
319,135
545,136
123,136
972,136
79,136
528,136
379,136
959,136
234,137
875,137
773,137
160,138
258,138
711,138
940,138
915,138
823,138
267,139
525,139
10,140
587,140
333,140
205,140
21,140
345,140
858,140
380,140
64,141
674,141
707,141
631,141
727,141
660,141
276,141
118,141
247,141
255,141
835,142
811,142
213,142
128,143
513,143
672,143
993,143
291,143
450,143
793,143
506,143
25,143
955,144
454,144
450,145
807,145
711,145
274,145
244,145
543,145
672,146
800,146
34,146
553,146
752,146
755,146
55,146
600,146
858,146
191,146
299,147
348,147
669,147
192,148
992,148
640,148
451,148
962,148
891,148
520,148
397,148
761,148
539,148
141,149
536,150
852,150
897,151
806,151
135,151
393,151
848,151
87,151
923,151
734,151
266,152
219,152
293,152
698,153
65,153
994,153
291,153
768,154
389,154
328,154
979,154
981,154
822,154
759,154
85,154
122,154
959,154
641,155
779,155
13,156
671,156
465,156
849,156
305,156
731,156
220,156
223,156
390,157
999,157
907,157
366,157
847,157
81,157
881,157
119,157
472,157
91,157
481,158
804,158
37,158
360,158
329,158
600,158
751,158
120,158
989,158
510,158
192,159
556,159
143,159
851,159
887,159
345,159
955,159
127,159
807,160
811,160
462,160
207,160
627,160
788,160
789,160
982,160
954,160
188,160
608,161
330,161
775,161
583,161
513,162
964,162
458,162
915,162
825,162
959,162
801,163
675,163
424,163
265,163
172,163
77,163
556,163
210,163
536,163
925,163
2,164
195,164
910,164
527,164
209,164
851,164
404,164
153,164
282,164
124,164
457,165
234,165
781,165
468,165
759,165
987,165
351,165
555,166
67,167
388,167
963,167
809,167
877,167
573,167
762,168
67,168
527,168
946,169
930,169
707,169
289,170
261,170
805,170
850,170
537,170
413,170
926,170
130,171
775,171
903,171
853,171
734,171
679,172
459,172
724,172
20,172
86,172
184,172
259,173
828,173
546,174
678,174
870,174
495,174
830,174
218,174
574,174
996,175
421,175
606,175
10,175
346,175
144,175
600,175
410,175
318,175
416,176
295,176
461,176
625,176
660,176
822,176
442,176
221,176
817,177
322,177
563,177
302,177
129,178
68,178
549,178
519,178
392,178
560,178
945,178
369,178
249,178
654,179
1,180
389,181
74,181
268,181
396,181
598,181
822,181
249,181
30,181
799,181
358,182
42,182
555,182
759,182
782,182
273,182
375,182
376,182
157,182
555,183
747,183
497,183
378,183
863,183
743,184
360,184
879,184
945,184
341,184
470,184
217,184
381,184
9,185
39,186
720,186
791,186
349,186
829,186
675,187
644,187
614,187
839,187
342,187
568,187
541,187
91,188
353,189
650,189
618,189
19,189
184,189
794,189
428,190
527,190
703,190
84,190
607,190
19,191
396,191
349,191
15,191
354,192
1000,192
365,192
239,192
241,192
530,192
370,192
971,193
324,193
684,194
111,194
723,194
986,194
828,194
511,194
289,195
772,195
966,195
74,195
693,195
121,195
93,195
639,195
489,196
647,196
881,197
388,197
47,197
431,197
929,198
935,198
330,198
282,198
189,198
256,199
7,199
45,199
530,199
534,199
827,199
188,199
605,199
422,200
935,200
366,200
693,200
407,200
508,200
418,201
975,201
97,202
67,202
681,202
205,202
24,202
317,202
216,202
480,203
578,203
527,203
726,203
221,203
27,203
61,203
360,204
750,204
449,205
127,205
238,205
431,205
753,205
369,205
732,205
543,205
225,206
420,206
292,206
968,206
816,206
564,206
735,206
969,207
176,207
273,207
977,207
789,207
216,208
857,208
99,208
752,208
576,209
509,209
298,209
373,209
837,210
539,211
512,212
136,212
968,212
946,213
242,213
990,213
424,214
79,214
271,214
721,214
116,214
258,215
295,215
426,215
458,215
843,215
244,215
604,215
484,216
107,216
685,216
913,216
308,216
695,216
857,216
955,216
797,217
496,217
84,217
950,217
893,217
900,218
38,218
490,218
140,218
753,218
338,218
23,218
121,218
285,218
611,219
485,219
176,219
61,219
863,219
743,220
591,220
400,220
986,220
763,220
956,220
799,220
385,221
899,221
35,221
518,221
776,221
651,221
854,221
159,221
994,222
355,222
997,222
264,222
345,222
442,222
676,223
680,223
849,223
595,223
859,223
415,223
449,224
433,224
649,225
466,225
564,225
182,225
153,225
989,225
833,226
897,226
163,226
999,226
408,226
409,226
895,226
185,227
397,227
823,227
97,228
727,228
780,228
334,228
366,228
532,228
949,228
951,228
600,228
924,228
164,229
807,229
745,229
426,229
427,229
777,229
237,229
114,229
377,229
506,229
515,230
644,230
208,230
661,230
697,230
384,231
496,231
309,231
476,231
573,231
833,232
486,232
392,232
367,232
980,232
281,232
56,233
921,233
983,233
577,234
678,234
682,234
141,234
559,234
213,234
795,234
764,234
478,234
71,235
231,235
143,235
757,235
918,235
474,235
156,235
771,236
164,236
36,236
422,236
751,236
760,236
251,236
285,236
164,237
612,237
550,237
678,237
340,237
277,237
982,237
186,237
385,238
370,238
844,239
428,239
948,239
788,239
442,239
414,239
991,239
323,240
102,240
588,240
652,240
208,240
530,240
122,240
445,240
645,241
775,241
80,241
536,241
538,241
559,242
369,242
178,242
20,242
180,242
891,242
415,242
138,243
283,243
796,243
477,244
546,244
838,244
109,244
653,244
405,244
376,244
893,244
737,245
284,245
984,246
193,247
332,247
225,248
902,248
62,248
767,248
166,249
711,249
351,249
970,249
785,249
306,249
408,249
735,249
346,250
829,250
325,251
684,251
951,251
315,251
764,251
928,252
584,252
906,252
813,252
174,252
915,252
664,252
925,252
446,252
769,253
482,253
355,253
551,253
203,253
657,253
91,253
481,254
482,254
579,254
969,254
43,254
366,254
497,254
695,254
185,254
348,254
681,255
842,255
902,255
578,256
267,256
563,256
883,256
90,256
874,257
118,257
783,257
352,258
18,258
981,258
969,259
42,259
610,259
114,259
441,260
962,260
531,260
387,260
993,261
835,261
996,261
231,261
401,261
690,261
405,261
374,261
808,262
800,262
608,263
337,263
589,263
941,264
601,265
234,265
482,266
931,266
357,266
998,266
805,266
362,266
599,266
216,266
571,266
962,267
994,267
167,267
159,267
561,268
710,268
512,269
104,269
777,269
490,269
623,269
48,269
336,269
882,269
309,269
832,270
289,270
64,270
657,270
786,270
947,270
500,270
951,270
220,270
771,271
902,271
48,271
949,271
761,271
541,271
351,271
257,272
8,272
846,272
207,272
244,272
991,272
414,272
959,272
111,273
713,274
430,274
910,274
592,274
595,274
600,274
478,274
933,275
710,275
200,275
434,275
530,275
756,275
346,275
27,275
512,276
801,276
159,276
452,276
266,276
811,276
331,276
620,276
662,276
959,276
201,277
655,277
282,277
957,277
127,277
419,278
381,278
182,278
776,279
137,279
299,279
108,279
813,279
880,279
904,280
909,280
177,280
21,280
597,280
229,281
682,281
941,281
14,281
48,281
688,281
722,281
23,281
887,281
856,281
779,282
961,283
975,283
913,283
725,283
413,283
48,284
289,284
438,284
343,284
952,285
857,285
104,285
652,285
313,286
681,286
939,286
811,286
176,286
979,286
857,286
798,286
37,287
814,287
174,287
527,287
977,287
824,287
190,287
866,288
420,288
776,288
460,288
365,288
303,288
513,289
906,289
395,289
946,289
501,289
86,289
919,289
405,289
890,289
195,290
359,290
106,290
173,290
974,290
782,290
566,290
485,291
650,291
725,291
224,292
705,292
866,292
990,292
471,292
187,292
190,292
708,293
805,293
843,293
758,293
986,293
737,294
580,294
326,294
599,294
393,294
565,294
182,294
757,294
326,295
296,295
574,295
400,295
309,295
150,295
794,295
862,295
361,296
498,297
300,297
478,297
62,297
980,298
709,298
391,298
384,299
996,299
198,299
231,299
759,299
160,300
966,300
358,300
236,300
496,300
626,300
760,300
497,301
311,301
65,302
514,302
137,302
203,302
492,302
821,302
440,302
218,302
975,303
203,303
783,303
576,304
456,304
400,304
500,304
283,304
636,304
413,304
648,305
241,305
835,305
205,305
801,306
227,306
525,306
816,306
785,306
978,306
54,306
89,306
955,306
256,307
616,307
521,307
666,307
792,307
282,307
72,308
328,308
268,308
565,308
791,308
192,309
546,309
435,309
570,309
381,309
642,310
547,310
550,310
842,310
973,310
849,310
183,310
383,310
836,311
618,311
554,311
395,311
591,311
976,311
50,311
611,312
327,312
553,312
238,312
469,312
153,312
378,312
805,313
593,313
661,313
603,313
667,313
376,314
433,314
874,314
676,315
164,315
136,315
585,315
209,315
497,315
436,315
897,316
492,316
473,316
365,316
623,316
375,316
185,316
893,316
127,316
700,317
753,318
763,318
290,319
903,319
976,319
594,319
506,319
351,319
583,320
743,320
745,320
106,320
235,320
211,320
950,320
89,320
666,320
959,320
771,321
806,321
77,321
335,321
789,321
316,321
345,321
124,321
222,321
447,321
610,322
548,322
168,322
8,322
137,322
715,322
876,322
211,322
350,322
896,323
483,323
979,323
599,323
318,324
553,324
745,324
714,324
460,324
206,324
816,324
881,324
510,324
632,325
465,325
186,325
739,326
421,326
970,326
215,326
986,326
507,326
892,326
62,327
224,328
873,328
74,328
173,328
590,328
689,328
957,328
223,328
748,329
276,329
36,330
973,330
569,330
767,330
693,330
246,330
601,330
57,330
549,331
200,331
456,331
555,331
621,331
337,331
409,331
731,331
29,331
894,331
89,332
628,332
102,332
86,332
354,333
163,333
778,333
523,333
426,333
171,333
536,333
603,333
124,333
30,333
871,334
577,335
322,335
292,335
103,335
744,335
822,335
126,335
987,335
958,335
640,336
387,336
740,336
780,336
13,336
908,336
623,336
917,336
504,336
482,337
290,337
102,337
137,337
941,337
722,337
535,337
543,337
546,338
934,338
9,338
74,338
842,338
111,338
721,338
307,338
728,338
638,338
360,339
561,339
349,339
928,340
835,340
5,340
358,340
112,340
305,340
981,340
995,341
325,341
998,341
263,341
556,341
621,341
751,341
178,341
212,341
230,342
232,342
114,342
149,342
342,342
376,342
762,342
283,342
976,343
593,343
738,343
310,343
352,344
773,344
709,344
70,344
625,344
192,345
929,345
418,345
547,345
644,345
650,345
309,345
732,345
349,345
863,345
737,346
387,346
633,346
17,346
503,346
377,346
985,346
766,346
955,347
452,348
228,348
651,348
748,348
749,348
621,348
657,348
91,348
640,349
133,349
586,349
43,349
555,349
561,349
157,349
119,350
450,351
163,351
866,351
389,351
529,351
241,351
895,351
600,351
415,351
166,352
647,352
774,352
137,352
174,352
791,352
985,352
635,352
476,352
477,352
833,353
181,353
454,353
769,353
129,354
101,354
235,354
590,354
309,354
508,354
804,355
236,355
46,355
403,355
701,355
223,355
439,356
196,357
68,357
137,357
655,357
240,357
117,357
505,357
620,358
141,358
755,358
664,358
444,358
800,359
641,359
469,359
920,360
378,360
576,360
960,361
781,361
887,361
929,362
486,362
982,362
668,362
126,362
608,363
136,363
786,363
24,363
604,363
509,363
543,363
551,364
777,364
298,364
214,364
31,364
867,365
515,365
648,365
79,365
243,365
342,365
151,365
704,366
96,366
687,366
943,366
468,366
852,366
182,366
853,366
696,366
773,367
679,367
327,367
528,367
816,367
787,367
215,367
826,367
862,367
9,368
251,368
96,369
825,369
68,369
894,369
707,370
526,370
882,370
50,370
629,370
854,370
125,370
336,371
934,371
830,371
39,371
681,372
240,372
339,372
116,372
217,372
285,372
924,372
925,372
451,373
933,373
742,373
326,373
401,373
242,373
18,373
839,374
521,374
717,374
752,374
855,374
155,374
316,374
318,374
992,375
354,375
817,375
114,375
570,375
448,376
709,376
328,376
426,376
269,376
47,376
304,376
663,376
216,376
580,377
871,377
47,377
303,377
246,377
351,377
742,378
538,378
86,378
151,378
698,378
541,378
378,379
786,379
303,380
751,380
469,380
246,380
343,380
767,380
152,381
947,381
732,381
774,381
928,382
867,382
747,382
513,382
449,383
261,383
422,383
396,383
628,383
916,383
761,383
90,383
732,383
580,384
389,384
681,384
717,384
78,384
336,384
624,384
432,384
437,384
900,385
359,385
488,385
973,385
271,385
751,385
371,385
315,385
157,385
902,386
647,386
956,386
107,386
978,386
565,386
534,386
343,386
506,386
828,386
133,387
999,387
8,387
600,387
734,387
496,388
476,388
525,389
16,390
841,390
388,390
825,390
669,391
48,392
614,393
934,393
169,393
366,393
400,393
530,393
980,393
599,393
184,393
282,393
865,394
282,394
292,394
479,394
673,395
870,395
299,395
526,395
888,395
729,395
767,395
678,396
651,396
344,396
377,396
91,396
637,396
862,396
1000,397
722,397
53,397
400,398
81,399
12,400
69,400
350,400
386,401
171,401
942,401
335,401
596,401
502,401
834,402
741,402
904,402
938,402
651,402
495,402
18,402
727,402
737,403
163,403
195,403
331,403
651,403
621,403
911,404
508,404
29,404
615,404
782,405
593,405
596,405
822,405
477,405
691,406
507,406
648,407
812,407
236,407
272,407
703,407
576,408
494,408
718,408
561,408
178,408
820,408
182,408
696,408
121,408
669,408
920,409
740,410
936,410
689,410
531,410
918,410
634,410
286,410
803,411
36,411
805,411
42,411
139,411
913,411
758,411
925,411
837,412
13,412
275,412
185,412
570,412
125,412
415,412
591,413
995,414
547,414
550,414
715,414
237,414
817,414
721,414
348,414
384,415
237,415
145,415
755,415
85,415
674,416
290,416
770,416
357,416
238,416
591,416
943,416
946,416
411,416
780,417
942,417
276,417
31,417
607,417
545,418
711,418
777,418
298,418
138,418
684,418
22,418
87,418
572,418
452,419
264,419
329,419
556,419
50,419
630,419
507,419
540,419
669,419
515,420
935,420
953,420
303,420
130,421
387,421
547,421
195,421
718,421
241,421
273,421
424,422
544,422
243,422
103,422
897,423
135,423
363,423
686,423
86,423
601,423
867,424
227,424
613,424
519,424
361,424
365,424
846,424
119,424
920,424
410,424
388,425
903,426
526,426
271,426
689,426
819,426
660,426
629,426
374,426
347,426
445,426
960,427
356,427
805,427
936,427
364,427
429,427
175,427
624,427
307,427
376,427
131,428
732,428
501,428
896,429
217,429
268,429
49,429
82,429
568,429
825,429
787,430
395,430
549,430
800,431
352,431
836,431
394,431
76,431
55,431
616,432
361,432
555,432
909,432
174,432
847,432
629,432
56,432
473,432
147,433
599,433
634,433
124,433
573,433
703,433
513,434
197,434
231,434
219,434
156,434
985,434
58,434
283,434
572,434
830,434
804,435
767,436
198,437
170,437
74,437
557,437
400,437
920,437
315,437
38,438
812,438
870,438
36,438
165,439
134,439
747,439
459,439
690,439
694,439
762,439
955,439
156,439
729,440
397,440
867,441
677,441
652,441
436,441
213,441
23,441
537,441
251,441
381,441
255,441
929,442
772,442
423,442
359,442
236,442
333,442
949,442
669,442
127,442
256,443
749,443
654,443
658,443
949,443
856,443
92,443
893,443
936,444
904,444
811,444
590,444
559,444
242,444
405,444
821,444
249,444
636,444
303,445
775,446
462,446
175,446
921,446
634,446
801,447
158,447
5,448
904,448
269,448
465,448
21,448
667,448
163,449
196,449
229,449
909,449
438,449
829,449
575,449
353,450
805,450
330,450
108,450
748,450
112,450
859,450
828,450
223,450
739,451
806,451
560,451
240,451
734,451
690,452
546,452
64,453
962,453
738,453
36,453
172,453
626,453
603,453
572,453
452,454
164,454
775,454
778,454
842,454
682,454
205,454
522,454
884,454
440,454
581,455
650,455
939,455
766,455
784,455
723,455
821,455
727,455
666,455
862,455
559,456
765,457
706,458
968,458
686,458
51,458
219,458
636,458
321,459
205,459
864,460
2,460
610,460
361,460
106,460
564,460
922,460
123,460
189,460
798,460
586,461
13,461
334,461
782,461
370,461
213,461
502,461
351,461
676,462
357,462
326,462
584,462
184,462
377,462
59,462
646,463
326,463
911,463
534,463
923,463
897,464
197,464
49,464
434,464
53,464
920,464
767,464
136,465
618,465
889,465
473,465
830,465
725,466
506,466
715,466
53,466
347,467
543,467
84,467
839,467
873,468
173,468
46,468
879,468
143,468
881,468
438,468
344,468
573,468
321,469
906,469
670,469
556,469
14,469
370,469
788,469
309,469
574,469
287,470
196,471
838,471
839,471
265,471
845,471
892,471
703,471
704,472
693,472
928,472
514,473
293,473
521,473
143,473
847,473
114,473
24,473
953,473
606,473
202,474
975,474
145,474
983,474
888,474
764,474
990,474
515,475
264,475
297,475
139,475
657,475
779,476
588,476
983,476
537,476
253,476
805,477
934,477
679,477
968,477
429,477
976,477
376,477
92,477
702,477
518,478
902,478
296,478
713,478
110,478
595,478
730,478
155,478
289,479
711,479
459,479
652,479
15,479
405,479
763,479
637,479
607,479
96,480
610,480
699,480
74,480
792,481
885,481
889,482
500,482
838,482
616,483
673,483
234,483
194,484
748,484
217,485
574,485
353,486
806,486
230,486
521,486
82,486
340,486
881,487
591,488
513,489
483,489
453,489
712,489
43,489
846,489
432,489
277,489
662,489
406,489
35,490
648,490
940,490
846,490
733,490
512,491
582,491
112,491
723,491
991,491
157,492
801,493
331,493
671,493
177,493
114,493
435,493
498,493
475,493
510,493
319,493
480,494
168,494
80,494
753,494
949,494
312,494
585,495
810,495
595,495
468,495
636,495
450,496
531,496
293,496
928,497
522,497
908,497
986,497
414,497
351,497
88,498
458,498
711,498
503,498
194,499
549,499
40,499
9,499
939,499
178,499
216,499
633,499
933,500
657,500
22,500
921,500
186,500
319,500
745,501
275,501
861,501
695,501
677,502
682,502
44,502
15,502
16,502
533,502
247,502
536,502
601,502
934,503
874,503
148,503
820,503
182,503
920,503
313,503
857,503
737,504
749,504
162,505
739,505
107,505
555,505
463,505
15,505
561,505
822,505
699,505
580,506
103,506
745,506
490,506
557,506
463,506
247,506
793,506
607,506
808,507
677,507
682,508
513,509
678,509
71,509
966,509
915,509
723,509
533,509
699,509
96,510
803,510
997,510
106,510
51,510
436,510
341,510
373,510
508,510
381,511
582,511
457,512
790,512
268,513
14,513
366,513
657,513
594,513
724,513
602,513
762,513
925,513
67,514
65,515
179,515
785,515
135,516
840,516
617,516
395,516
303,516
338,516
629,516
920,516
957,516
466,517
468,517
300,517
738,518
68,518
45,518
269,518
850,518
983,518
151,518
314,518
924,518
34,519
356,519
767,519
629,519
245,519
606,519
319,519
128,520
995,520
47,520
944,520
375,520
891,520
97,521
366,521
35,522
198,522
559,522
992,523
944,523
304,523
629,523
635,523
581,524
302,525
130,526
73,526
268,526
79,526
639,526
434,526
500,526
760,526
543,526
676,527
950,527
463,527
898,528
386,528
425,528
982,528
571,528
804,529
230,529
199,529
331,529
80,529
242,529
618,530
243,530
756,530
326,531
838,531
426,531
49,531
340,531
790,531
185,531
168,532
155,532
869,533
438,533
577,534
614,534
550,534
614,535
294,535
432,535
848,535
146,535
758,535
323,536
836,536
967,536
652,536
657,536
339,536
600,536
961,537
362,537
43,537
269,537
196,538
486,538
233,538
434,538
341,538
23,538
700,538
254,538
575,538
201,539
222,539
439,539
276,540
126,540
30,540
865,541
178,541
644,542
836,542
313,542
239,542
950,542
344,542
473,542
699,542
202,543
685,543
354,544
579,544
260,544
359,544
492,544
528,544
596,544
886,544
94,544
227,545
68,545
522,545
692,545
793,545
964,546
678,546
843,546
364,546
664,546
592,546
726,546
439,546
534,546
993,547
290,547
291,547
388,547
261,547
778,547
811,547
312,547
703,547
1,548
355,548
967,548
456,548
585,548
521,548
333,548
32,549
38,549
710,549
1000,549
974,549
623,549
274,549
82,549
470,549
807,550
976,550
753,550
699,550
253,550
769,551
483,551
469,551
376,551
347,551
136,552
917,552
278,552
131,553
132,553
387,553
10,553
949,553
855,553
952,553
90,553
957,553
864,554
576,554
233,554
236,554
941,554
238,554
637,554
326,555
104,555
842,555
906,555
333,555
110,555
719,555
749,555
980,555
759,555
390,556
295,556
588,556
431,556
19,556
53,556
536,556
121,556
765,556
736,557
33,557
387,557
877,557
366,557
368,557
342,557
664,557
764,557
125,557
961,558
876,558
654,558
145,558
377,558
794,558
235,559
844,559
109,559
688,559
401,559
566,559
282,559
635,559
6,560
807,560
42,560
632,560
316,560
959,560
833,561
68,561
716,561
817,561
980,561
797,561
521,562
588,562
899,563
998,563
686,563
942,563
271,563
212,563
821,563
950,563
731,563
770,564
386,564
332,564
525,564
979,564
406,564
380,564
832,565
450,565
457,565
426,565
623,565
31,565
676,566
894,566
356,567
580,567
231,567
169,567
9,567
619,567
275,567
668,567
896,568
842,568
204,568
812,568
16,568
114,568
948,568
730,568
969,569
619,569
313,569
615,570
457,570
791,570
301,570
311,570
824,570
380,570
625,571
637,571
41,571
192,572
869,572
38,572
203,572
562,572
499,572
501,572
853,572
256,573
764,573
996,573
617,573
585,573
428,573
243,573
284,573
64,574
873,574
479,574
145,574
306,574
277,574
725,574
373,574
671,574
93,575
782,575
559,575
450,576
320,577
834,577
674,577
557,577
46,577
721,577
753,577
660,577
256,578
932,578
677,578
142,578
49,578
788,578
52,578
919,578
857,578
240,579
665,579
449,580
356,580
588,580
81,580
882,580
345,580
319,580
385,581
834,581
101,581
357,581
303,581
495,581
787,581
632,581
184,581
548,582
837,582
872,582
648,582
586,582
497,582
438,582
572,582
161,583
163,583
906,583
939,583
307,583
471,583
506,583
411,583
957,583
994,584
45,584
685,584
370,584
247,584
70,585
205,585
783,585
981,585
121,585
570,585
607,585
724,586
485,587
265,587
874,587
844,587
278,587
940,588
943,588
84,588
503,588
728,588
828,588
577,589
514,589
391,589
719,589
631,589
764,589
862,589
419,590
298,590
555,590
656,590
565,590
924,590
354,591
235,591
526,591
465,591
29,591
595,591
951,591
316,591
797,591
937,592
3,592
444,592
70,592
824,593
668,593
743,593
353,594
739,594
860,594
808,594
472,594
636,594
29,594
638,594
351,594
434,595
524,595
846,595
100,596
292,596
231,596
362,596
75,596
780,596
83,596
469,596
218,596
828,596
386,597
419,597
138,597
501,597
123,597
152,598
291,598
318,598
2,599
707,599
903,599
155,599
941,599
16,599
247,599
474,599
923,599
699,599
91,600
13,600
392,601
469,601
438,601
852,602
225,603
996,603
680,603
426,603
16,603
566,603
24,603
410,603
35,604
516,604
332,604
119,604
760,604
660,605
748,605
249,605
308,605
160,606
385,606
843,606
919,606
375,606
714,607
953,608
948,608
204,608
409,609
371,609
691,609
479,609
642,610
706,610
9,610
273,610
502,610
344,610
666,610
349,610
350,610
739,611
457,611
618,611
688,611
467,611
883,611
763,611
971,612
719,612
815,612
881,612
118,612
247,612
697,613
750,613
97,614
802,614
706,614
708,614
33,614
102,614
870,614
304,614
121,614
539,614
481,615
934,615
778,615
909,615
242,615
980,615
791,615
217,615
735,615
172,616
912,616
432,616
535,616
825,616
160,617
750,617
307,617
662,617
348,617
506,618
230,618
30,618
225,619
39,619
967,619
14,619
629,619
725,619
58,619
795,620
386,620
979,620
133,620
306,621
225,622
114,622
885,622
575,622
996,623
807,623
586,623
427,623
621,623
367,623
722,623
442,623
315,623
738,624
613,624
165,624
168,624
11,624
844,624
525,624
22,624
600,624
798,624
670,625
455,626
202,626
875,626
108,626
784,626
51,626
973,627
833,628
995,628
515,628
42,628
338,628
211,628
888,628
476,628
638,628
543,628
512,629
896,629
610,629
128,629
685,629
945,629
851,629
695,629
634,629
191,629
992,630
205,630
445,630
900,631
293,631
392,631
690,631
535,631
423,632
648,632
841,632
776,632
368,632
752,632
914,632
643,633
768,634
612,634
74,634
301,634
15,634
16,634
563,634
915,634
889,634
953,634
330,635
805,635
797,635
405,635
955,636
789,636
200,637
628,637
816,638
602,638
495,638
226,639
571,639
380,639
800,640
869,640
679,640
74,640
204,640
880,640
146,640
83,640
522,641
363,641
558,641
600,641
415,641
914,642
933,642
642,643
932,643
8,643
308,643
117,643
501,643
2,644
820,644
2,645
770,645
648,645
781,645
914,645
82,645
853,645
763,645
252,645
804,646
586,646
365,646
749,646
782,646
497,646
18,646
786,646
663,646
377,646
461,647
819,647
147,647
633,647
446,647
421,648
8,648
650,648
306,648
595,648
544,649
865,649
548,649
453,649
295,649
747,649
557,649
658,649
596,649
25,649
963,650
740,650
710,650
583,650
702,650
374,650
856,650
346,650
318,650
799,650
356,651
705,652
742,652
816,652
496,652
667,652
481,653
943,653
562,653
30,653
639,653
256,654
259,654
868,654
294,654
351,654
429,654
533,654
347,654
287,654
64,655
902,655
839,655
136,655
941,655
174,655
848,655
922,655
706,656
259,656
997,656
390,656
137,656
688,656
497,656
823,656
441,656
444,656
768,657
674,657
197,657
466,657
499,657
243,657
669,657
224,658
128,658
228,658
868,658
617,658
650,658
368,658
48,658
146,658
958,658
452,659
644,659
901,659
471,659
637,660
516,661
266,661
12,661
653,661
334,661
175,661
435,661
169,662
243,662
692,663
250,663
932,663
740,663
636,664
673,664
229,664
489,664
585,664
380,664
479,664
795,665
766,665
722,666
802,667
488,667
904,667
520,667
305,667
504,667
833,668
678,668
807,668
880,668
568,668
511,668
1,669
354,669
498,669
83,669
148,669
661,669
755,669
607,669
288,670
610,670
675,670
336,670
691,670
468,670
536,671
604,671
166,671
961,672
581,672
903,672
909,672
660,672
919,672
636,672
925,672
318,672
484,673
743,673
427,673
589,673
493,673
241,673
790,673
730,674
994,674
681,675
883,675
717,675
976,676
16,676
268,676
644,677
61,677
143,677
37,678
426,678
331,678
497,678
370,678
435,678
863,678
439,678
799,678
864,679
740,679
198,679
905,679
811,679
204,679
16,679
119,679
664,679
862,679
840,680
506,680
708,680
974,680
805,681
490,681
119,681
891,681
700,681
64,682
636,682
130,682
837,682
554,682
303,682
240,682
180,682
572,682
547,683
391,683
911,683
723,683
986,683
636,683
253,683
472,684
32,684
968,684
871,684
832,685
996,685
205,685
878,685
430,685
654,685
851,685
857,685
842,686
683,686
314,686
576,687
809,687
714,687
459,687
943,687
688,687
946,687
630,687
599,687
218,687
677,688
510,688
551,688
9,688
179,688
282,688
604,688
478,688
706,689
549,689
231,689
393,689
138,689
142,689
243,689
405,689
553,690
567,690
863,690
15,690
616,691
608,691
325,691
999,691
711,692
231,692
135,692
424,692
977,692
182,692
791,692
28,692
650,693
947,694
590,695
432,696
743,697
393,697
459,697
50,697
21,697
348,697
59,698
251,698
831,698
783,698
270,699
64,700
906,700
878,700
881,700
114,700
184,700
217,700
894,700
353,701
906,701
133,701
520,702
66,703
905,703
938,703
138,703
657,703
434,703
53,703
955,703
157,703
356,704
836,704
510,704
71,704
328,704
558,704
434,704
310,704
126,704
936,705
190,705
548,706
167,706
905,706
939,706
594,706
435,706
823,706
345,706
90,706
508,706
324,707
966,707
871,707
982,707
343,707
963,708
677,708
525,708
397,708
717,708
245,708
760,708
953,708
996,709
491,709
973,709
376,709
60,709
669,709
96,710
292,710
585,710
250,710
846,710
590,710
186,710
363,711
621,712
950,712
449,713
899,713
131,713
9,713
298,713
670,713
461,713
814,713
47,713
830,713
1,714
546,714
648,714
873,714
51,714
148,714
412,714
30,714
707,715
855,715
448,716
295,716
14,716
691,716
600,716
89,716
895,716
450,717
652,717
784,717
274,717
83,717
118,717
374,717
319,717
896,718
512,718
610,718
581,718
198,718
453,718
492,718
495,718
298,719
725,719
87,719
88,719
315,719
445,720
818,721
227,721
39,721
480,722
394,722
155,722
28,722
576,723
451,723
710,723
71,723
682,723
266,723
245,723
920,723
89,723
884,724
87,724
455,724
417,725
669,725
520,725
562,725
381,725
136,726
656,726
312,727
583,727
850,728
572,728
362,729
979,729
284,729
801,730
933,730
554,730
876,730
207,730
980,730
790,730
151,730
348,730
343,730
64,731
739,731
956,731
171,731
15,731
754,731
150,731
156,731
464,732
953,732
197,732
995,733
835,733
811,733
44,733
205,733
591,733
958,733
862,733
95,733
610,734
485,734
638,734
968,735
356,736
264,736
919,736
410,736
31,736
288,737
929,737
389,737
680,737
716,737
493,737
851,737
769,738
35,738
455,738
904,738
586,738
908,738
962,739
301,739
702,739
803,740
356,740
869,740
775,740
20,740
950,740
474,740
188,740
832,741
803,741
68,741
458,741
11,741
243,741
122,741
59,742
670,742
802,743
746,743
266,743
239,743
691,743
415,743
761,744
756,744
335,745
78,746
130,747
642,747
99,747
806,747
466,747
979,747
758,747
665,747
194,748
451,748
969,748
623,748
498,748
950,748
443,748
480,749
352,749
965,749
392,749
264,749
333,749
952,749
536,750
994,750
395,750
35,751
653,751
50,751
469,751
184,751
379,751
120,751
452,752
951,752
163,753
55,753
142,753
847,753
995,754
519,754
808,754
139,754
492,754
108,754
239,754
339,754
160,755
264,755
778,755
48,755
468,755
84,755
185,755
3,756
38,756
172,756
237,756
718,756
782,756
498,756
115,756
26,756
452,757
229,757
744,757
233,757
559,757
83,757
245,757
599,757
376,757
625,758
832,759
961,759
675,759
107,759
238,759
179,759
340,759
501,759
376,759
380,759
3,760
102,760
423,760
425,760
427,760
253,760
788,761
996,762
864,763
898,763
579,763
711,763
681,763
843,763
440,763
25,763
521,764
782,764
945,764
914,764
404,764
349,764
287,764
133,765
7,765
522,765
590,765
592,765
145,765
123,765
735,765
170,766
891,766
423,766
930,767
860,767
170,767
942,767
974,767
22,767
794,767
764,767
159,767
705,768
963,768
772,768
103,768
457,768
399,768
953,768
826,768
699,768
446,768
388,769
136,769
364,769
495,769
986,769
531,770
351,770
256,771
225,771
386,771
994,771
999,771
140,771
174,771
887,771
314,771
411,771
471,772
419,773
292,773
486,773
876,773
45,773
377,773
474,773
283,773
209,774
594,774
828,774
643,775
810,775
811,775
910,775
398,775
244,775
886,775
541,775
894,775
646,776
491,776
139,776
814,776
431,776
690,776
359,777
483,778
119,778
677,779
103,779
399,779
657,779
82,779
599,779
792,780
601,780
304,780
730,780
769,781
101,781
588,781
910,781
878,781
49,781
982,781
731,781
766,781
65,782
321,782
153,782
810,782
874,782
587,782
597,782
473,782
122,782
577,783
705,783
519,783
75,783
171,783
303,783
369,783
53,783
828,783
278,784
612,785
285,785
297,786
60,786
233,787
157,787
694,787
23,787
910,788
42,789
664,789
337,789
600,789
508,789
893,789
737,790
105,790
522,790
75,790
748,790
531,790
373,790
792,790
574,790
320,791
1,791
161,791
96,791
454,791
455,791
361,791
922,791
348,791
613,792
903,792
269,792
147,792
596,792
861,792
991,792
432,793
753,793
860,793
924,793
569,794
386,794
939,794
965,795
169,795
780,795
242,795
246,795
220,795
8,796
969,796
340,796
85,796
599,796
826,796
349,796
841,797
779,797
365,797
528,797
435,797
757,797
664,797
92,797
864,798
519,798
172,798
13,798
211,798
757,798
344,798
953,798
509,798
35,799
259,799
876,799
590,799
853,799
922,799
752,800
757,800
634,800
717,800
473,801
474,801
366,801
928,802
802,802
295,802
499,802
340,802
278,802
895,802
162,803
652,803
12,804
792,805
212,805
110,805
556,805
260,806
172,806
45,806
975,806
923,806
771,807
266,807
586,807
911,807
560,807
529,807
979,807
768,808
480,808
706,808
163,808
419,808
235,808
469,808
790,808
441,808
125,808
129,809
868,809
751,809
624,809
818,809
179,809
912,810
658,810
661,810
142,810
867,811
810,811
145,811
498,811
536,811
157,811
708,812
234,812
88,812
669,812
126,812
671,812
67,813
938,813
684,813
84,813
214,813
343,813
828,813
210,814
686,814
4,815
229,815
941,815
150,815
795,815
412,815
973,816
176,816
690,816
631,816
151,816
329,817
135,818
73,818
52,818
437,818
501,818
763,818
159,818
704,819
415,819
283,819
295,819
192,820
961,820
646,820
39,820
457,820
369,820
439,820
476,820
61,820
240,821
81,821
177,821
823,821
794,821
733,821
669,822
119,822
280,823
642,823
805,823
493,823
974,823
305,823
373,823
856,823
90,823
518,824
136,824
848,824
914,824
306,824
190,825
802,826
453,826
390,826
766,826
481,827
325,827
741,827
808,827
748,827
365,827
819,827
633,827
28,827
640,828
576,828
544,828
131,828
677,828
679,828
360,828
494,828
788,828
919,828
834,829
614,829
270,829
975,829
696,829
64,830
6,830
460,830
45,830
823,830
153,830
250,830
484,831
740,831
365,831
749,831
858,831
821,831
890,831
540,831
189,831
657,832
76,832
993,832
127,832
47,833
690,833
406,833
55,833
347,833
193,834
990,834
294,834
281,834
128,835
620,835
114,835
23,835
572,835
703,835
408,836
19,836
598,836
927,836
904,837
458,837
555,837
373,837
567,837
194,838
329,838
171,838
303,838
792,838
50,838
152,838
59,838
476,838
763,838
12,839
782,839
979,839
662,839
598,839
509,839
33,840
162,840
622,840
113,840
920,840
410,840
125,840
386,841
995,841
229,841
491,841
372,841
182,841
982,841
379,842
356,842
726,842
783,842
34,843
765,843
239,843
171,844
535,844
995,845
364,845
205,845
519,846
969,846
713,846
973,846
17,846
81,846
214,846
700,846
384,847
549,847
939,847
108,847
620,847
593,847
370,847
828,847
194,848
618,848
779,848
728,848
823,848
120,848
475,848
133,849
715,849
751,849
821,849
791,849
760,849
185,849
302,850
465,850
861,850
513,850
613,851
935,851
431,851
370,851
626,851
851,851
312,851
153,851
445,851
574,851
800,852
139,852
845,852
920,852
221,852
671,852
355,853
167,853
939,853
798,853
566,853
634,853
475,853
958,853
447,853
129,854
999,854
876,854
460,854
110,854
909,854
729,854
940,855
877,855
23,855
99,856
227,856
393,856
364,856
339,856
790,856
605,856
173,857
982,857
630,857
697,857
635,857
572,857
830,857
867,858
581,858
44,858
621,858
462,858
748,858
954,858
285,858
286,858
200,859
172,859
108,859
909,859
850,859
282,859
829,859
562,860
724,860
733,860
866,860
960,861
159,861
1,862
332,862
434,862
114,862
52,862
158,862
402,863
526,863
867,864
420,864
663,864
782,864
912,864
983,864
538,864
699,864
605,864
526,865
327,865
94,866
359,866
304,867
369,867
987,867
406,867
898,868
391,868
43,868
847,868
731,868
924,868
678,869
583,869
399,869
949,869
123,869
318,869
130,870
611,870
778,870
203,870
462,870
718,870
722,870
219,870
3,871
580,871
421,871
483,871
328,871
798,871
969,872
431,872
418,873
297,873
974,873
244,873
445,873
222,873
479,873
520,874
552,874
396,874
77,874
207,874
918,874
250,874
962,875
37,875
517,875
586,875
907,875
217,875
32,876
388,876
326,876
552,876
532,876
953,877
256,878
394,878
525,878
877,878
97,879
738,879
588,879
365,879
656,879
129,880
547,880
325,880
645,880
393,880
276,880
609,881
153,881
732,882
612,883
473,883
779,883
292,883
2,884
361,884
73,884
748,884
845,884
302,884
437,884
566,884
892,884
543,884
932,885
300,885
631,885
183,885
122,885
80,886
131,886
881,887
245,887
25,887
922,887
187,887
985,887
798,887
961,888
266,888
107,888
202,888
974,888
694,888
375,888
734,888
998,889
267,889
78,889
146,889
918,889
759,889
657,890
189,890
889,890
579,891
963,891
101,891
394,891
235,891
85,891
544,892
991,892
568,893
626,893
197,893
391,893
905,894
138,894
594,894
850,894
183,894
602,895
715,895
404,895
286,895
994,896
642,896
313,896
265,896
745,896
337,896
439,896
985,896
58,896
510,896
3,897
965,897
215,897
129,898
616,898
779,898
619,898
48,898
83,898
339,898
853,898
600,898
733,898
742,899
39,899
424,899
271,899
698,899
324,900
782,900
494,900
430,900
753,900
976,900
596,900
949,900
346,900
283,900
386,901
740,901
199,901
816,901
379,901
310,901
443,901
700,901
959,901
857,902
311,902
37,902
421,902
774,903
717,903
818,903
307,903
180,903
665,903
570,903
798,903
546,904
516,904
74,904
760,904
410,904
609,905
867,905
299,905
44,905
530,905
373,905
181,905
565,905
827,905
892,905
259,906
781,906
754,906
627,906
889,906
219,906
390,907
717,907
210,907
824,907
889,907
27,907
702,907
671,907
896,908
101,908
519,908
264,908
689,908
663,908
314,908
317,908
607,908
778,909
365,909
357,910
200,910
528,910
339,910
954,910
77,911
912,911
723,911
791,911
184,911
283,911
956,911
222,911
511,911
801,912
769,912
771,912
901,912
146,912
628,912
507,912
222,912
312,913
83,913
643,914
40,914
843,914
747,914
561,914
472,914
445,914
592,915
770,915
139,915
738,916
90,916
682,916
465,916
371,916
54,916
922,916
893,916
65,917
770,917
196,917
937,917
654,917
857,917
762,917
689,918
250,919
348,919
342,919
415,919
434,920
361,921
285,921
932,921
437,921
638,922
386,923
868,923
679,923
245,923
87,923
857,923
186,923
61,923
992,924
840,924
973,924
496,924
977,924
530,924
144,924
464,924
665,924
570,924
736,925
176,925
915,925
84,925
313,925
541,925
17,926
798,926
994,927
291,927
324,927
773,927
450,927
139,927
306,927
24,927
863,927
217,928
274,928
917,928
967,928
480,929
769,929
200,929
587,929
108,929
338,929
957,929
704,930
129,930
548,930
30,930
56,931
589,931
125,931
957,931
322,932
488,932
45,932
570,932
412,932
350,932
486,933
75,933
688,933
407,933
668,933
475,934
681,935
908,935
941,935
231,935
384,936
228,936
814,936
401,936
856,936
700,936
383,936
97,937
290,937
707,937
582,937
583,937
968,937
592,937
20,937
42,938
495,938
210,938
274,938
915,938
469,938
853,938
504,938
94,938
522,939
811,939
140,939
51,939
697,939
476,939
863,939
721,940
250,940
555,940
293,940
356,941
773,941
839,941
651,941
813,941
369,941
210,941
854,941
826,941
93,941
575,942
160,943
658,943
736,944
771,944
906,944
682,944
45,944
113,944
627,944
404,944
150,944
603,944
898,945
457,945
970,945
426,945
813,945
623,945
598,945
25,945
156,945
210,946
608,947
5,947
933,947
882,947
663,947
318,947
741,948
445,948
518,948
471,948
513,949
867,949
786,949
340,949
693,949
283,949
993,950
65,950
675,950
567,950
655,950
823,950
315,950
765,950
481,951
707,951
486,951
508,951
604,951
33,952
973,952
883,952
278,952
248,952
224,953
749,953
131,954
392,954
73,954
44,954
174,954
817,954
434,954
657,954
317,954
392,955
202,955
12,955
77,955
533,955
322,956
195,956
838,956
679,956
365,956
512,957
449,957
296,957
554,957
139,957
76,957
247,957
701,957
703,957
936,958
161,958
876,958
77,958
881,959
555,959
827,959
488,960
501,960
728,960
797,960
606,960
893,961
424,962
903,962
960,962
760,963
504,963
290,963
995,963
32,964
774,964
426,964
114,964
86,964
474,964
61,964
3,965
680,965
299,965
876,965
973,965
302,965
309,965
181,965
59,965
223,965
512,966
64,966
613,966
901,966
908,966
335,966
183,966
857,966
220,966
957,966
484,967
291,968
4,968
709,968
230,968
419,968
89,968
226,969
869,969
264,969
428,969
220,969
340,969
697,969
476,969
840,970
98,970
76,970
331,971
38,971
815,971
123,972
397,972
238,972
111,972
371,972
851,972
22,972
667,972
607,972
499,973
737,974
749,974
854,974
569,974
93,974
835,975
357,975
518,975
8,975
266,975
556,975
175,975
305,975
376,975
444,975
722,976
828,976
317,976
926,976
328,977
379,977
455,978
683,978
925,978
16,978
369,978
121,978
797,978
734,978
191,978
233,979
562,979
410,979
546,980
392,980
656,980
376,980
537,980
987,980
540,980
315,981
901,981
27,982
489,982
715,982
491,982
303,982
977,982
886,982
667,982
124,982
672,983
813,983
594,983
147,983
312,983
441,983
32,984
449,984
612,984
968,984
433,984
594,984
22,984
355,985
999,985
775,985
436,985
799,985
287,985
192,986
481,986
578,986
493,986
750,986
13,986
529,986
123,986
892,986
100,987
776,987
971,987
591,987
401,987
774,988
843,988
940,988
687,988
982,988
351,988
312,989
547,989
742,989
834,990
869,990
743,990
199,990
298,990
310,990
696,990
539,990
189,990
871,991
426,991
781,991
113,991
692,991
504,991
155,991
637,991
608,992
197,992
685,992
219,992
795,992
224,993
293,993
648,993
977,993
216,993
64,994
668,994
526,994
111,994
550,995
516,996
485,996
778,996
270,996
206,996
655,996
983,996
668,997
72,998
802,998
294,998
486,998
329,999
140,999
750,999
882,999
26,999
827,999
420,1000
133,1000
302,1000
175,1000
219,1000
